IP,
172.183.155.151,
172.183.155.155,
213.239.195.148,
89.213.29.72,
23.165.104.8,
23.165.104.34,
23.165.104.35,
23.165.104.36,
23.165.104.37,
23.165.104.38,
23.165.104.39,
23.165.104.40,
23.165.104.41,
23.165.104.42,
23.165.104.43,
23.165.104.44,
23.165.104.45,
23.165.104.46,
23.165.104.48,
23.165.104.49,
23.165.104.50,
23.165.104.51,
23.165.104.52,
23.165.104.53,
23.165.104.54,
23.165.104.55,
23.165.104.56,
23.165.104.57,
23.165.104.58,
23.165.104.59,
23.165.104.60,
23.165.104.61,
23.165.104.62,
